cusip,ticker,issuer
00090Q103,ADT,ADT INC
00091E109,ABSI,ABSCI CORP
000957100,ABM,ABM INDUSTRIES INC
001055102,AFL,AFLAC INC
001084102,AGCO,AGCO CORP
00130H105,AES,AES CORP
00164V103,AMCX,AMC GLOBAL MEDIA INC
00165C302,AMC,AMC ENTERTAINMENT HLDS-CL A
00206R102,T,AT&T INC
00214Q104,ARKK,ARK INNOVATION ETF
00214Q302,ARKG,ARK GENOMIC REVOLUTION ETF
00214Q500,PRNT,THE 3D PRINTING ETF
002824100,ABT,ABBOTT LABORATORIES
00287Y109,ABBV,ABBVIE INC
002896207,ANF,ABERCROMBIE & FITCH CO-CL A
00402L107,ASO,ACADEMY SPORTS & OUTDOORS IN
00404A109,ACHC,ACADIA HEALTHCARE CO INC
00534A102,IVVD,INVIVYD INC
00650F109,ADPT,ADAPTIVE BIOTECHNOLOGIES
00676P107,ADEA,ADEIA INC
00724F101,ADBE,ADOBE INC
00766T100,ACM,AECOM
00773T101,ASIX,ADVANSIX INC
007903107,AMD,ADVANCED MICRO DEVICES INC
00791N201,ADV,ADVANTAGE SOLUTIONS INC
008073108,AVAV,AEROVIRONMENT INC
00827B106,AFRM,AFFIRM HOLDINGS INC
00851L103,API,AGORA INC-ADR
008940108,AISP,AIRSHIP AI HOLDINGS INC
009066101,ABNB,AIRBNB INC-CLASS A
009158106,APD,AIR PRODUCTS & CHEMICALS INC
00971T101,AKAM,AKAMAI TECHNOLOGIES INC
011532108,AGI,ALAMOS GOLD INC-CLASS A
011659109,ALK,ALASKA AIR GROUP INC
013091103,ACI,ALBERTSONS COS INC - CLASS A
015658115,ASTLW,ALGOMA STEEL GROUP INC -CW26
015857105,AQN,ALGONQUIN POWER & UTILITIES
016255101,ALGN,ALIGN TECHNOLOGY INC
01626W101,ALIT,ALIGHT INC - CLASS A
01741R102,ATI,ATI INC
01749D105,ALGM,ALLEGRO MICROSYSTEMS INC
020002101,ALL,ALLSTATE CORP
02005N100,ALLY,ALLY FINANCIAL INC
02043Q107,ALNY,ALNYLAM PHARMACEUTICALS INC
02079K107,GOOGL,ALPHABET INC CL C
02079K305,GOOGL,ALPHABET INC CL A
02128L106,ALTG,ALTA EQUIPMENT GROUP INC
02156K103,OPTU,OPTIMUM COMMUNICATIONS INC-A
02156V109,OKLO,OKLO INC
02209S103,MO,ALTRIA GROUP INC
023135106,AMZN,AMAZON COM INC
023193105,AMBQ,AMBIQ MICRO INC
023586100,UHAL,U-HAUL HOLDING CO
02376R102,AAL,AMERICAN AIRLINES GROUP INC
023939101,AMTM,AMENTUM HOLDINGS INC
024061103,DCH,DAUCH CORPORATION
025537101,AEP,AMERICAN ELECTRIC POWER
02553E106,AEO,AMERICAN EAGLE OUTFITTERS
025816109,AXP,AMERICAN EXPRESS CO
03027X100,AMT,AMERICAN TOWER CORP
030371108,AVD,AMERICAN VANGUARD CORP
030506109,AHQ,AMERICAN WOODMARK CORP
03073E105,COR,CENCORA INC
03076C106,AMP,AMERIPRISE FINL INC
031100100,AME,AMETEK INC
031162100,AMGN,AMGEN INC
031652100,AMKR,AMKOR TECHNOLOGY INC
032095101,APH,AMPHENOL CORP-CL A
03213A104,AMPL,AMPLITUDE INC-CLASS A
032654105,ADI,ANALOG DEVICES INC
034164103,ANDE,ANDERSONS INC/THE
03524A108,BUD,ANHEUSER-BUSCH INBEV-SPN ADR
03662Q105,AKX,ANSYS INC
03674X106,AR,ANTERO RESOURCES CORP
036752103,ELV,ELEVANCE HEALTH INC
03743Q108,APA,APA CORP
037598109,APOG,APOGEE ENTERPRISES INC
03769M106,APO,APOLLO GLOBAL MANAGEMENT INC
037833100,AAPL,APPLE INC
03783C100,APPF,APPFOLIO INC - A
038222105,AMAT,APPLIED MATERIALS INC
03823U102,AAOI,APPLIED OPTOELECTRONICS INC
03831W108,APP,APPLOVIN CORP CL A
03852U106,ARMK,ARAMARK
038923108,ABR,ARBOR REALTY TRUST INC
03937C105,ARCB,ARCBEST CORP
03945R102,ACHR,ARCHER AVIATION INC-A
03969T109,ARCT,ARCTURUS THERAPEUTICS HOLDIN
03980N107,ARDT,ARDENT HEALTH INC
04010E109,AGX,ARGAN INC
04035M102,ARHS,ARHAUS INC
04040Y109,ARIS,ARIS MINING CORP
040413205,ANET,ARISTA NETWORKS INC
040919102,ARKB,ARK 21SHARES BITCOIN ETF
041242108,ARKO,ARKO CORP
042068205,ARM,ARM HOLDINGS PLC-ADR
042735100,ARW,ARROW ELECTRONICS INC
044103794,AHT,ASHFORD HOSPITALITY TRUST
04523Y105,ASPN,ASPEN AEROGELS INC
046224101,ASTE,ASTEC INDUSTRIES INC
04626A103,ALAB,ASTERA LABS INC
04650F101,ATAI,ATAIBECKLEY INC
047649108,ATKR,ATKORE INC
049468101,TEAM,ATLASSIAN CORP-CL A
051774107,AUR,AURORA INNOVATION INC
052769106,ADSK,AUTODESK INC
053015103,ADP,AUTOMATIC DATA PROCESSING
05329W102,AN,AUTONATION INC
053332102,AZO,AUTOZONE INC
05352A100,AVTR,AVANTOR INC
05368V106,AVNT,AVIENT CORP
05368X102,AVDX,AVIDXCHANGE HOLDINGS INC
053807103,AVT,AVNET INC
05464C101,AXON,AXON ENTERPRISE INC
05508R106,BGS,B&G FOODS INC
05550J101,BJ,BJ'S WHOLESALE CLUB HOLDINGS
05580M108,RILY,BRC GROUP HOLDINGS INC
05605H100,BWXT,BWX TECHNOLOGIES INC
05637B105,BLZE,BACKBLAZE INC-A
056752108,BIDU,BAIDU INC - SPON ADR
05875B304,BALY,BALLY'S CORP
060505104,BAC,BANK OF AMERICA CORP
064149107,BNS,BANK OF NOVA SCOTIA
06849F108,GOLD,BARRICK MINING CORP
070830104,BBWI,BATH & BODY WORKS INC
071705107,BLCO,BAUSCH + LOMB CORP
071734107,BHC,BAUSCH HEALTH COS INC
07373V105,BEAM,BEAM THERAPEUTICS INC
07556Q881,BZH,BEAZER HOMES USA INC
075887109,BDX,BECTON DICKINSON & CO
07831C103,BRBR,BELLRING BRANDS INC
08160H101,BHE,BENCHMARK ELECTRONICS INC
084670108,BRK.B,BERKSHIRE HATHAWAY INC CL A EQUIV
084670702,BRK.B,BERKSHIRE HATHAWAY INC CL B
086516101,BBY,BEST BUY CO INC
08862E109,BYND,BEYOND MEAT INC
08862EAB5,BYND 0 03/15/27,BEYOND MEAT INC
08915P101,BGFV,BIG 5 SPORTING GOODS CORP
090043100,BILL,BILL HOLDINGS INC
09073M104,TECH,BIO-TECHNE CORP
09075V102,BNTX,BIONTECH SE-ADR
09175A206,BMNR,BITMINE IMMERSION TECHNOLOGI
09180C106,BJRI,BJ'S RESTAURANTS INC
09239B109,BL,BLACKLINE INC
09260D107,BX,BLACKSTONE INC
092667104,SRTA,STRATA CRITICAL MEDICAL INC
09290C780,BAI,ISHRS AI IN AND TECH ACT ETF
09290C855,BLCR,ISHARES LRG CP CR ACT ETF-UI
09290D101,BLK,BLACKROCK INC
093671105,HRB,H&R BLOCK INC
094235108,BLMN,BLOOMIN' BRANDS INC
09581B103,OWL,BLUE OWL CAPITAL INC
09631P102,BPRE,BLUEROCK PRIVATE REAL ESTATE
097023105,BA,BOEING CO
09739D100,BCC,BOISE CASCADE CO
09857L108,BKNG,BOOKING HOLDINGS INC
099406100,BOOT,BOOT BARN HOLDINGS INC
100557107,SAM,BOSTON BEER COMPANY INC-A
101137107,BSX,BOSTON SCIENTIFIC CORP
103304101,BYD,BOYD GAMING CORP
10482B101,BHR,BRAEMAR HOTELS & RESORTS INC
10501L106,BWAY,BRAINSWAY LTD-ADR
10576N102,BRZE,BRAZE INC-A
10922N103,BHF,BRIGHTHOUSE FINANCIAL INC
10948C107,BV,BRIGHTVIEW HOLDINGS INC
10948W103,AAMI,ACADIAN ASSET MANAGEMENT INC
109641100,EAT,BRINKER INTERNATIONAL INC
110122108,BMY,BRISTOL-MYERS SQUIBB CO
110448107,BTI,BRITISH AMERICAN TOB-SP ADR
11135F101,AVGO,BROADCOM INC
112463104,BKD,BROOKDALE SENIOR LIVING INC
11271J107,BN,BROOKFIELD CORP
115637209,BF/B,BROWN-FORMAN CORP-CLASS B
117043109,BC,BRUNSWICK CORP
118440106,BKE,BUCKLE INC/THE
120076104,BBW,BUILD-A-BEAR WORKSHOP INC
12008R107,BLDR,BUILDERS FIRSTSOURCE INC
12047B105,BMBL,BUMBLE INC-A
124155102,BFLY,BUTTERFLY NETWORK INC
12448X201,BYRN,BYRNA TECHNOLOGIES INC
125269100,CF,CF INDUSTRIES HOLDINGS INC
12541W209,CHRW,C.H. ROBINSON WORLDWIDE INC
125523100,CI,THE CIGNA GROUP
12572Q105,CME,CME GROUP INC
12662P108,CVI,CVR ENERGY INC
126650100,CVS,CVS HEALTH CORP
12685J105,CABO,CABLE ONE INC
127387108,CDNS,CADENCE DESIGN SYS INC
12769G100,CZR,CAESARS ENTERTAINMENT INC
129500104,CAL,CALERES INC
13057Q305,CRC,CALIFORNIA RESOURCES CORP
131193104,CALY,CALLAWAY GOLF COMPANY
133131102,CPT,CAMDEN PROPERTY TRUST
13321L108,CCJ,CAMECO CORP
134429109,CPB,THE CAMPBELL'S COMPANY
13462K109,CWH,CAMPING WORLD HOLDINGS INC-A
136375102,CNI,CANADIAN NATL RAILWAY CO
136385101,CNQ,CANADIAN NATURAL RESOURCES
13646K108,CP,CANADIAN PACIFIC KANSAS CITY
138103106,USAT,CANTALOUPE INC
14040H105,COF,CAPITAL ONE FINANCIAL CORP
14149Y108,CAH,CARDINAL HEALTH INC
14167L103,CDNA,CAREDX INC
141788109,CARG,CARGURUS INC
142038108,CRBU,CARIBOU BIOSCIENCES INC
142152107,CAI,CARIS LIFE SCIENCES INC
143130102,KMX,CARMAX INC
14316J108,CG,CARLYLE GROUP INC/THE
143658300,CCL,CARNIVAL CORP
144285103,CRS,CARPENTER TECHNOLOGY
14448C104,CARR,CARRIER GLOBAL CORP
14575E105,CARS,CARS.COM INC
146229109,CRI,CARTER'S INC
146869102,CVNA,CARVANA CO
147528103,CASY,CASEY'S GENERAL STORES INC
148929102,CAVA,CAVA GROUP INC
149123101,CAT,CATERPILLAR INC
150870103,CE,CELANESE CORP
15101Q207,CLS,CELESTICA INC
15118V207,CELH,CELSIUS HOLDINGS INC
151290889,CX,CEMEX SAB-SPONS ADR PART CER
15135B101,CNC,CENTENE CORP
15135U109,CVE,CENOVUS ENERGY INC
152006102,CGAU,CENTERRA GOLD INC
155923105,CTRI,CENTURI HOLDINGS INC
157085101,CERS,CERUS CORP
15743P104,CHA,CHAGEE HOLDINGS LTD-ADR
15961R303,CHPT,CHARGEPOINT HOLDINGS INC
159864107,CRL,CHARLES RIVER LABORATORIES
16115Q308,GTLS,CHART INDUSTRIES INC
16119P108,CHTR,CHARTER COMMUNICATIONS INC-A
163072101,CAKE,CHEESECAKE FACTORY INC/THE
16411R208,LNG,CHENIERE ENERGY INC
165167735,EXE,EXPAND ENERGY CORP
166764100,CVX,CHEVRON CORP
16679L109,CHWY,CHEWY INC - CLASS A
16935C109,CHYM,CHIME FINANCIAL INC-CL A
169656105,CMG,CHIPOTLE MEXICAN GRILL INC
169905106,CHH,CHOICE HOTELS INTL INC
171340102,CHD,CHURCH & DWIGHT CO INC
171757206,CDTX,CIDARA THERAPEUTICS INC
171779309,CIEN,CIENA CORP
17243V102,CNK,CINEMARK HOLDINGS INC
17253J106,CIFR,CIPHER DIGITAL INC
172573107,CRCL,CIRCLE INTERNET GROUP INC
17275R102,CSCO,CISCO SYSTEMS INC
172908105,CTAS,CINTAS CORP
172967424,C,CITIGROUP INC
174610105,CFG,CITIZENS FINANCIAL GROUP
178587101,CIO,CITY OFFICE REIT INC
17888H103,CIVI,CIVITAS RESOURCES INC
18270P109,CLAR,CLARUS CORP
18453H106,CCO,CLEAR CHANNEL OUTDOOR HOLDIN
18467V109,YOU,CLEAR SECURE INC -CLASS A
18538R103,CLW,CLEARWATER PAPER CORP
185899101,CLF,CLEVELAND-CLIFFS INC
189054109,CLX,CLOROX COMPANY
191216100,KO,COCA-COLA CO/THE
192108504,CDE,COEUR MINING INC
19260Q107,COIN,COINBASE GLOBAL INC -CLASS A
194162103,CL,COLGATE-PALMOLIVE CO
198516106,COLM,COLUMBIA SPORTSWEAR CO
199333105,CMCO,COLUMBUS MCKINNON CORP/NY
199908104,FIX,COMFORT SYSTEMS USA INC
20030N101,CMCSA,COMCAST CORP-CLASS A
20337X109,VISN,VISTANCE NETWORKS INC
203668108,CYH,COMMUNITY HEALTH SYSTEMS INC
204166102,CVLT,COMMVAULT SYSTEMS INC
20451N101,CMP,COMPASS MINERALS INTERNATION
20451W101,CMPS,COMPASS PATHWAYS PLC
20464U100,COMP,COMPASS INC - CLASS A
205768302,CRK,COMSTOCK RESOURCES INC
205887102,CAG,CONAGRA BRANDS INC
20603L102,CON,CONCENTRA GROUP HOLDINGS PAR
206704108,BBCP,CONCRETE PUMPING HOLDINGS IN
20717M103,CFLT,CONFLUENT INC-CLASS A
20825C104,COP,CONOCOPHILLIPS
209115104,ED,CONSOLIDATED EDISON INC
21036P108,STZ,CONSTELLATION BRANDS INC-A
21037T109,CEG,CONSTELLATION ENERGY
217204106,CPRT,COPART INC
21871N101,CXW,CORECIVIC INC
21873S108,CRWV,COREWEAVE INC
21874A106,CORZ,CORE SCIENTIFIC INC
218937100,CNR,CORE NATURAL RESOURCES INC
219350105,GLW,CORNING INC
219798105,QDEL,QUIDELORTHO CORP
22041X102,CRSR,CORSAIR GAMING INC
22052L104,CTVA,CORTEVA INC
22160K105,COST,COSTCO WHOLESALE CORP
222070203,COTY,COTY INC-CL A
22266T109,CPNG,COUPANG INC
22284P105,CVLG,COVENANT LOGISTICS GROUP INC
22410J106,CBRL,CRACKER BARREL OLD COUNTRY
224441105,CXT,CRANE NXT CO
225447AD3,WOLF 1.75 05/01/26,WOLFSPEED INC
226718104,CRTO,CRITEO SA-SPON ADR
227046109,CROX,CROCS INC
228368106,CCK,CROWN HOLDINGS INC
231021106,CMI,CUMMINS INC
231269309,CRIS,CURIS INC
23331A109,DHI,DR HORTON INC
233377407,DXPE,DXP ENTERPRISES INC
23355L106,DXC,DXC TECHNOLOGY CO
235851102,DHR,DANAHER CORP
237194105,DRI,DARDEN RESTAURANTS INC
238337109,PLAY,DAVE & BUSTER'S ENTERTAINMEN
23834J201,DAVE,DAVE INC
23918K108,DVA,DAVITA INC
243537107,DECK,DECKERS OUTDOOR CORP
244199105,DE,DEERE & CO
24703L202,DELL,DELL TECHNOLOGIES -C
247361702,DAL,DELTA AIR LINES INC
24869P104,DENN,DENNY'S CORP
24906P109,XRAY,DENTSPLY SIRONA INC
25179M103,DVN,DEVON ENERGY CORP
25243Q205,DEO,DIAGEO PLC-SPONSORED ADR
253393102,DKS,DICK'S SPORTING GOODS INC
25400W102,APPS,DIGITAL TURBINE INC
25401T603,DBRG,DIGITALBRIDGE GROUP INC
25402D102,DOCN,DIGITALOCEAN HOLDINGS INC
25434V302,DFAE,DIMENSIONAL EMERGING CORE EQUITY MARKET ETF
25434V401,DFUS,DIMENSIONAL US EQ MKT ETF
25434V534,DEXC,DIMENSIONAL EM EX CCE  ETF
25434V575,DFGX,DIMSNL INTR CF IN ETF-USD IN
25434V633,DFCA,DIMENSIONAL CALIFORNIA MUNICIPAL BOND ETF
25434V674,DFSB,DIMENSIONAL GLOBAL SUSTAINABILITY FIXED INCOME ETF
25434V682,DFSE,DIMENSIONAL EMERGING MARKETS SUSTAINABILITY CORE 1 ETF
25434V690,DFSI,DIMENSIONAL INTERNATIONAL SUSTAINABILITY CORE 1 ETF
25434V708,DFAC,DIMENSIONAL US CORE EQUITY 2
25434V716,DFSU,DIMENSIONAL US SUSTAINABILITY CORE 1 ETF
25434V799,DFIC,DIMENSIONAL INTERNATIONAL CO
25434V807,DFIV,DIMENSIONAL INTERNATIONAL VA
25434V823,DFAR,DIMENSIONAL US REAL ESTATE ETF
25434V849,DFNM,DIMENSIONAL NATIONAL MUNICIPAL BOND ETF
25434V864,DFSD,DIMENSIONAL SHORT DURATION
25434V872,DFCF,DIMENSIONAL CORE FIXED INC
254423106,DIN,DINE BRANDS GLOBAL INC
25459Y207,QQQE,DIRX NASDAQ-100EQ WI ETF-USD
254687106,DIS,WALT DISNEY CO
254709108,DFS,DISCOVER FINANCIAL SERVICES
25525P107,DHC,DIVERSIFIED HEALTHCARE TRUST
256163106,DOCU,DOCUSIGN INC
256677105,DG,DOLLAR GENERAL CORP
256746108,DLTR,DOLLAR TREE INC
25754A201,DPZ,DOMINO'S PIZZA INC
25809K105,DASH,DOORDASH INC - A
25961D105,DOUG,DOUGLAS ELLIMAN INC
260557103,DOW,DOW INC
26142V105,DKNG,DRAFTKINGS INC-CL A
26154D100,DFH,DREAM FINDERS HOMES INC - A
26210C104,DBX,DROPBOX INC-CLASS A
26210V102,DRVN,DRIVEN BRANDS HOLDINGS INC
26441C204,DUK,DUKE ENERGY CORP
26603R106,DUOL,DUOLINGO
26701L100,BROS,DUTCH BROS INC-CLASS A
267475101,DY,DYCOM INDUSTRIES INC
268150109,DT,DYNATRACE INC
26856L103,ELF,ELF BEAUTY INC
26875P101,EOG,EOG RESOURCES INC
269808101,ECC,EAGLE POINT CREDIT CO
27579R104,EWBC,EAST WEST BANCORP INC
277432100,EMN,EASTMAN CHEMICAL CO
277461406,KODK,EASTMAN KODAK CO
278642103,EBAY,EBAY INC
278768106,ECHO,ECHOSTAR CORP-A
278865100,ECL,ECOLAB INC
27923Q109,ECVT,ECOVYST INC
28035Q102,EPC,EDGEWELL PERSONAL CARE CO
28414H103,ELAN,ELANCO ANIMAL HEALTH INC
284902509,EGO,ELDORADO GOLD CORP
28618M106,ESI,ELEMENT SOLUTIONS INC
29082A107,EMBJ,EMBRAER SA-SPON ADR
291011104,EMR,EMERSON ELECTRIC CO
29250N105,ENB,ENBRIDGE INC
29258Y103,EXK,ENDEAVOUR SILVER CORP
29272W109,ENR,ENERGIZER HOLDINGS INC
29275Y102,ENS,ENERSYS
29280W109,NRGV,ENERGY VAULT HOLDINGS INC
29355A107,ENPH,ENPHASE ENERGY INC
29362U104,ENTG,ENTEGRIS INC
293792107,EPD,ENTERPRISE PRODUCTS PARTNERS
294429105,EFX,EQUIFAX INC
29446Y502,EQX,EQUINOX GOLD CORP
29452E101,EQH,EQUITABLE HOLDINGS INC
29530P102,ERIE,ERIE INDEMNITY COMPANY-CL A
296006109,ERO,ERO COPPER CORP
297602104,ETD,ETHAN ALLEN INTERIORS INC
29786A106,ETSY,ETSY INC
29977A105,EVR,EVERCORE INC - A
30050B101,EVH,EVOLENT HEALTH INC - A
30052F100,EVGO,EVGO INC
30063P105,EXK,EXACT SCIENCES CORP
30212P303,EXPE,EXPEDIA GROUP INC
302130109,EXPD,EXPEDITORS INTL WASH INC
30219Q106,EXFY,EXPENSIFY INC - A
30225T102,EXR,EXTRA SPACE STORAGE INC
30226D106,EXTR,EXTREME NETWORKS INC
30231G102,XOM,EXXON MOBIL CORP
302491303,FMC,FMC CORP
302492103,FLYW,FLYWIRE CORP-VOTING
302635206,FSK,FS KKR CAPITAL CORP
303075105,FDS,FACTSET RESEARCH SYSTEMS INC
311642102,FARO,FARO TECHNOLOGIES INC
311900104,FAST,FASTENAL CO
31428X106,FDX,FEDEX CORP
31488V107,FERG,FERGUSON ENTERPRISES INC
314911108,FRMI,FERMI INC
315616102,FFIV,F5 INC
315948109,FBTC,FIDELITY WISE ORIGIN BITCOIN FUND
316188309,FBND,FIDELITY TOTAL BOND ETF
31620M106,FIS,FIDELITY NATIONAL INFO SERV
31620R303,FNF,FIDELITY NATIONAL FINANCIAL INC
316773100,FITB,FIFTH THIRD BANCORP
316841105,FIG,FIGMA INC-CL A
31946M103,FCNCA,FIRST CITIZENS BCSHS  -CL A
320517105,FHN,FIRST HORIZON CORP
336433107,FSLR,FIRST SOLAR INC
33733E302,FDN,FIRST TRUST DJ INTERNET IND
337344105,QQEW,FIRST TR NASDAQ-100 SEL EQ
33734H106,FVD,FIRST TRUST VALUE LINE DVD
33734X846,CIBR,FIRST TRUST NASDAQ CYBERSECU
33740F805,FIXD,FIRST TRUST SMITH OPPORTUNIS
33740F888,UCON,FIRST TRUST SMITH UNCONSTRAI
33748L101,FWRG,FIRST WATCH RESTAURANT GROUP
337738108,FISV,FISERV INC
33829M101,FIVE,FIVE BELOW
338307101,FIVN,FIVE9 INC
33833X101,FPLSF,5N PLUS INC
339750101,FND,FLOOR & DECOR HOLDINGS INC-A
343412102,FLR,FLUOR CORP
34385P108,LAB,STANDARD BIOTOOLS INC
343928107,FLYX,FLYEXCLUSIVE INC
345370860,F,FORD MTR CO
346375108,FORM,FORMFACTOR INC
34959E109,FTNT,FORTINET INC
349942102,FSM,FORTUNA MINING CORP
35168W103,GUTS,FRACTYL HEALTH INC
35671D857,FCX,FREEPORT-MCMORAN INC
358039105,FRPT,FRESHPET INC
358054104,FRSH,FRESHWORKS INC-CL A
35905A109,FTDR,FRONTDOOR INC
359678109,FLL,FULL HOUSE RESORTS INC
361008105,FNKO,FUNKO INC-CLASS A
36118L106,FUTU,FUTU HOLDINGS LTD-ADR
36162J106,GEO,GEO GROUP INC/THE
36165L108,GDS,GDS HOLDINGS LTD - ADR
36168Q104,GFL,GFL ENVIRONMENTAL INC-SUB VT
36237H101,GIII,G-III APPAREL GROUP LTD
36251C103,CLG,GMS INC
36262G101,GXO,GXO LOGISTICS INC
36266G107,GEHC,GE HEALTHCARE TECHNOLOGY
36317J209,GLXY,GALAXY DIGITAL INC-A
363576109,AJG,ARTHUR J GALLAGHER & CO
36467W109,GME,GAMESTOP CORP-CLASS A
364760108,GAP,GAP INC/THE
366505105,GTX,GARRETT MOTION INC
366651107,IT,GARTNER INC
36828A101,GEV,GE VERNOVA INC
36870C104,GENK,GEN RESTAURANT GROUP INC
368736104,GNRC,GENERAC HOLDINGS INC
369550108,GD,GENERAL DYNAMICS CORP
369604301,GE,GE AEROSPACE
370334104,GIS,GENERAL MILLS INC
37045V100,GM,GENERAL MOTORS CO
370920100,GENB,GENERATE BIOMEDICINES INC
372460105,GPC,GENUINE PARTS CO
374689107,ROCK,GIBRALTAR INDUSTRIES INC
375558103,GILD,GILEAD SCIENCES INC
37637K108,GTLB,GITLAB INC-CL A
37890B100,GBTG,GLOBAL BUSINESS TRAVEL GROUP
37954Y632,AIQ,GLOBAL X ART INTEL & TECH
379577208,GMED,GLOBUS MEDICAL INC - A
37959E102,GL,GLOBE LIFE INC
37960A529,SHLD,GLOBAL X DEFENSE TECH ETF
380237107,GDDY,GODADDY INC - CLASS A
38059T106,GFI,GOLD FIELDS LTD-SPONS ADR
38141G104,GS,GOLDMAN SACHS GROUP INC
382550101,GT,GOODYEAR TIRE & RUBBER CO
384802104,GWW,WW GRAINGER INC
388689101,GPK,GRAPHIC PACKAGING HOLDING CO
389375106,GTN,GRAY MEDIA INC
389637109,GBTC,GRAYSCALE BITCOIN TRUST ETF
38964R203,ETH,GRAYSCALE ETHEREUM STAKING M
389930207,BTC,GRAYSCALE BITCOIN MINI ETF
393222104,GPRE,GREEN PLAINS INC
39525U107,GFR,GREENFIRE RESOURCES LTD
39854F101,GRND,GRINDR INC
39874R101,GO,GROCERY OUTLET HOLDING CORP
399473206,GRPN,GROUPON INC
40049J206,TV,GRUPO TELEVISA SA-SPON ADR
40131M109,GH,GUARDANT HEALTH INC
402635502,GPOR,GULFPORT ENERGY CORP
403949100,DINO,HF SINCLAIR CORP
40412C101,HCA,HCA HEALTHCARE INC
40415F101,HDB,HDFC BANK LTD-ADR
40434L105,HPQ,HP INC
405217100,HAIN,HAIN CELESTIAL GROUP INC
40609P105,HNRG,HALLADOR ENERGY CO
406216101,HAL,HALLIBURTON CO
413216300,HMY,HARMONY GOLD MNG-SPON ADR
418056107,HAS,HASBRO INC
421906108,HCSG,HEALTHCARE SERVICES GROUP
422806109,HEI,HEICO CORP
42330P107,HLX,HELIX ENERGY SOLUTIONS GROUP
427866108,HSY,HERSHEY CO/THE
42806J148,HTZWW,HERTZ GLOBAL HLDGS INC -CW51
42806J700,HTZ,HERTZ GLOBAL HLDGS INC
42824C109,HPE,HEWLETT PACKARD ENTERPRISE
428291108,HXL,HEXCEL CORP
43114Q105,HPK,HIGHPEAK ENERGY INC
432705309,CNTN,CANTON STRATEGIC HOLDINGS IN
43300A203,HLT,HILTON WORLDWIDE HOLDINGS IN
433313103,HNGE,HINGE HEALTH INC-A
437076102,HD,HOME DEPOT INC
438516106,HON,HONEYWELL INTL INC
440452100,HRL,HORMEL FOODS CORP
442487401,HOV,HOVNANIAN ENTERPRISES-A
44267T102,HHH,HOWARD HUGHES HOLDINGS INC
443201108,HWM,HOWMET AEROSPACE INC
443573100,HUBS,HUBSPOT INC
443628102,HBM,HUDBAY MINERALS INC
444097406,HPP,HUDSON PACIFIC PROPERTIES IN
444859102,HUM,HUMANA INC
446150104,HBAN,HUNTINGTON BANCSHARES INC
446413106,HII,HUNTINGTON INGALLS INDUSTRIE
447011107,HUN,HUNTSMAN CORP
448579102,H,HYATT HOTELS CORP - CL A
44891N208,PPLI,PEOPLE INC
44951W106,IESC,IES HOLDINGS INC
44952J104,CRGY,CRESCENT ENERGY INC-A
451051106,IBTA,IBOTTA INC-CL A
45168D104,IDXX,IDEXX LABS INC
45174J509,IHRT,IHEARTMEDIA INC - CLASS A
452308109,ITW,ILLINOIS TOOL WORKS
452327109,ILMN,ILLUMINA INC
45245E109,IMAX,IMAX CORP
45337C102,INCY,INCYTE CORP
456237106,ILPT,INDUSTRIAL LOGISTICS PROPERT
45676K103,INFQ,INFLEQTION INC
45688C107,NGVT,INGEVITY CORP
457152106,INGM,INGRAM MICRO HOLDING CORP
457642205,INOD,INNODATA INC
457669307,INSM,INSMED INC
45782N108,INSE,INSPIRED ENTERTAINMENT INC
45784M108,INV,INNVENTURE INC
457985208,IART,INTEGRA LIFESCIENCES HOLDING
458140100,INTC,INTEL CORP
45826H109,ITGR,INTEGER HOLDINGS CORP
45826J105,NTLA,INTELLIA THERAPEUTICS INC
45828L108,IAS,INTEGRAL AD SCIENCE HOLDING
458334109,IPAR,INTERPARFUMS INC
45866F104,ICE,INTERCONTINENTAL EXCHANGE IN
459200101,IBM,INTL BUSINESS MACHINES CORP
459506101,IFF,INTL FLAVORS & FRAGRANCES
460146103,IP,INTERNATIONAL PAPER CO
46090E103,QQQ,INVESCO QQQ TRUST SERIES 1
461202103,INTU,INTUIT INC
46120E602,ISRG,INTUITIVE SURGICAL INC
46121Y201,IPI,INTREPID POTASH INC
46125A100,LUNR,INTUITIVE MACHINES INC
46137V233,XLG,INVESCO S&P 500 TOP 50 ETF
46137V241,SPHQ,INVESCO S&P 500 QUALITY ETF
46137V357,RSP,INVESCO S&P 500 EQUAL WEIGHT
46138E511,PGX,INVESCO PREFERRED ETF
46138G649,QQQM,INVESCO NASDAQ 100 ETF
462222100,IONS,IONIS PHARMACEUTICALS INC
46269C102,IRDM,IRIDIUM COMMUNICATIONS INC
464285204,IAU,ISHARES GOLD TRUST
464286400,EWZ,ISHARES MSCI BRAZIL ETF
464286772,EWY,ISHARES MSCI SOUTH KOREA ETF
464287101,OEF,ISHARES S&P 100 ETF
464287150,ITOT,ISHARES CORE S&P TOTAL U.S.
464287168,DVY,ISHARES SELECT DIVIDEND ETF
464287176,TIP,ISHARES TIPS BOND ETF
464287200,IVV,ISHARES CORE S&P 500 ETF
464287226,AGG,ISHARES CORE U.S. AGGREGATE
464287234,EEM,ISHARES MSCI EMERGING MARKET
464287242,LQD,ISHR IBX USD INVGD CB ETF-UI
464287309,IVW,ISHARES S&P 500 GROWTH ETF
464287408,IVE,ISHARES S&P 500 VALUE ETF
464287432,TLT,ISHARES 20+ YEAR TREASURY BD
464287440,IEF,ISHARES 7-10 YEAR TREASURY B
464287457,SHY,ISHARES 1-3 YEAR TREASURY BO
464287465,EFA,ISHARES MSCI EAFE ETF
464287481,IWP,ISHARES RUSSELL MID-CAP GROW
464287499,IWR,ISHARES RUSSELL MID-CAP ETF
464287507,IJH,ISHARES CORE S&P MIDCAP ETF
464287515,IGV,ISHARES EXPANDED TECH-SOFTWA
464287523,SOXX,ISHARES SEMICONDUCTOR ETF
464287556,IBB,ISHARES BIOTECHNOLOGY ETF
464287564,ICF,ISHARES SELECT U.S. REIT ETF
464287598,IWD,ISHARES RUSSELL 1000 VALUE E
464287614,IWF,ISHARES RUSSELL 1000 GROWTH
464287622,IWB,ISHARES RUSSELL 1000 ETF
464287648,IWO,ISHARES RUSSELL 2000 GROWTH
464287655,IWM,ISHARES RUSSELL 2000 ETF
464287663,IUSV,ISHARES CORE S&P U.S. VALUE
464287671,IUSG,ISHARES CORE S&P U.S. GROWTH
464287689,IWV,ISHARES RUSSELL 3000 ETF
464287721,IYW,ISHARES USTECHNOLOGY ETF
464287739,IYR,ISHARES US REAL ESTATE ETF
464287762,IYH,ISHARES U.S. HEALTHCARE ETF
464287804,IJR,ISHARES CORE S&P SMALL-CAP E
464287887,IJT,ISHARES S&P SMALL-CAP 600 GR
464288158,SUB,ISHARES SHORT-TERM NATIONAL
464288240,ACWX,ISHARES MSCI ACWI EX US ETF
464288257,ACWI,ISHARES MSCI ACWI ETF
464288281,EMB,ISHARES JP MORGAN USD EMERGI
464288414,MUB,ISHARES NATIONAL MUNI BOND E
464288513,HYG,ISHR IBX USD HIYLD CB ETF-UI
464288588,MBB,ISHARES MBS ETF
464288646,IGSB,ISHARES 1-5Y INV GRADE CORP
464288661,IEI,ISHARES 3-7 YEAR TREASURY BO
464288679,SHV,ISHARES 0-1 YEAR TREASURY BO
464288687,PFF,ISHARES PREFERRED & INCOME S
464288760,ITA,ISHARES U.S. AEROSPACE & DEF
464288802,SUSA,ISHARES ESG OPTIMIZED MSCI U
464288810,IHI,ISHARES U.S. MEDICAL DEVICES
464288877,EFV,ISHARES MSCI EAFE VALUE ETF
464288885,EFG,ISHARES MSCI EAFE GROWTH ETF
464289438,IWY,ISHARES RUSSELL TOP 200 GROW
46428Q109,SLV,ISHARES SILVER TRUST
46429B267,GOVT,ISHARES US TREASURY BOND ETF
46429B598,INDA,ISHARES MSCI INDIA ETF
46429B655,FLOT,ISHARES FLOATING RATE BOND E
46429B663,HDV,ISHARES CORE HIGH DIVIDEND E
46429B697,USMV,ISHARES MSCI USA MIN VOL FAC
46429B747,STIP,ISHARES 0-5 YEAR TIPS BOND E
46432F339,QUAL,ISHARES MSCI USA QUALITY FAC
46432F388,VLUE,ISHARES MSCI USA VALUE FACTO
46432F396,MTUM,ISHARES MSCI USA MOMENTUM FA
46432F834,IXUS,ISHARES CORE INTL STOCK ETF
46432F842,IEFA,ISHARES CORE MSCI EAFE ETF
46434G103,IEMG,ISHARES CORE MSCI EMERGING
46434G764,EMXC,ISHARES MSCI EMR MRK EX CHNA
46434G822,EWJ,ISHARES MSCI JAPAN ETF
46434V381,XT,ISHAR FTURE EXP TECH ETF-USD
46434V613,IUSB,ISHR CR UNVRSE USD BD ETF-UI
46434V621,DGRO,ISHARES CORE DIVIDEND GROWTH
46434V803,HEFA,ISHA CURR HEDGED MSCI EAFE
46434V878,ICSH,ISHARES ULTRA SHORT DURATION
46435G326,IDEV,ISHARES CORE MSCI DEV MKTS
46435G425,ESGU,ISHARES ESG AWARE MSCI USA
46435G672,IAGG,ISHARES INTL AGGREGATE BOND
46435U853,USHY,ISHARES BROAD USD HIGH YIELD
46436E718,SGOV,ISHARES 0-3 MONTH TREASURY B
46438F101,IBIT,ISHARES BITCOIN TRUST ETF
46438R105,ETHA,ISHARES ETHEREUM TRUST ETF
46591M109,JOYY,JOYY INC-ADR
466032109,JJSF,J & J SNACK FOODS CORP
46625H100,JPM,JPMORGAN CHASE & CO
466313103,JBL,JABIL INC
466367109,JACK,JACK IN THE BOX INC
46641Q332,JEPI,JPMORGAN EQUITY PREMIUM INCO
46641Q837,JPST,JPMORGAN ULTRA-SHORT INCOME
46654Q203,JEPQ,JPM NASDAQ EQUITY PREMIUM
47012E403,JAKK,JAKKS PACIFIC INC
47103N106,JBI,JANUS INTERNATIONAL GROUP IN
47215P106,JD,JD.COM INC-ADR
47580P103,JELD,JELD-WEN HOLDING INC
478160104,JNJ,JOHNSON & JOHNSON
48123V102,ZD,ZIFF DAVIS INC
48203R104,JNP,JUNIPER NETWORKS INC
48242W106,KBR,KBR INC
482480100,KLAC,KLA CORP
482497104,BEKE,KE HOLDINGS INC-ADR
48251W104,KKR,KKR & CO INC
48253L205,KLXE,KLX ENERGY SERVICES HOLDING
483007704,KALU,KAISER ALUMINUM CORP
48581R205,KSPI,JSC KASPI.KZ ADR
489170100,KMT,KENNAMETAL INC
49177J102,KVUE,KENVUE INC
49271V100,KDP,KEURIG DR PEPPER INC
494368103,KMB,KIMBERLY-CLARK CORP
49456B101,KMI,KINDER MORGAN INC
49456W105,KLC,KINDERCARE LEARNING COS INC
496902404,KGC,KINROSS GOLD CORP
499049104,KNX,KNIGHT-SWIFT TRANSPORTATION
500081104,KDK,KODIAK AI INC
50050N103,KTB,KONTOOR BRANDS INC
500754106,KHC,KRAFT HEINZ CO/THE
50077B207,KTOS,KRATOS DEFENSE & SECURITY
50101L106,DNUT,KRISPY KREME INC
501044101,KR,KROGER CO
501270102,KRUS,KURA SUSHI USA INC-CLASS A
50155Q100,KD,KYNDRYL HOLDINGS INC
50187T106,LGIH,LGI HOMES INC
50212V100,LPLA,LPL FINANCIAL HOLDINGS INC
502160104,LXU,LSB INDUSTRIES INC
502431109,LHX,L3HARRIS TECHNOLOGIES INC
504922105,LH,LABCORP HOLDINGS INC
505336107,LZB,LA-Z-BOY INC
512807306,LRCX,LAM RESEARCH CORP
513272104,LW,LAMB WESTON HOLDINGS INC
513847103,MZTI,MARZETTI COMPANY/THE
51509P103,LSEA,LANDSEA HOMES CORP
518439104,EL,ESTEE LAUDER COMPANIES-CL A
52110M109,LAZ,LAZARD INC
524660107,LEG,LEGGETT & PLATT INC
52466B103,LZ,LEGALZOOMCOM INC
52472M101,LEGH,LEGACY HOUSING CORP
52567D107,LMND,LEMONADE INC
52736R102,LEVI,LEVI STRAUSS & CO- CLASS A
528877103,LX,LEXINFINTECH HOLDINGS L-ADR
530307305,LBRDK,LIBERTY BROADBAND-C
530715AG6,LINTA 4 11/15/29,LIBERTY INTERACTIVE LLC
531229722,LLYVK,LIBERTY MEDIA CORP-LIBERTY-C
53190C102,LTH,LIFE TIME GROUP HOLDINGS INC
532206109,LIF,LIFE360 INC
532457108,LLY,ELI LILLY & CO
533900106,LECO,LINCOLN ELECTRIC HOLDINGS
53626N102,LION,LIONSGATE STUDIOS CORP
539439109,LYG,LLOYDS BANKING GROUP PLC-ADR
53946R106,LDI,LOANDEPOT INC -CLASS A
539830109,LMT,LOCKHEED MARTIN CORP
548661107,LOW,LOWE'S COS INC
549498202,LCID,LUCID GROUP INC
550021109,LULU,LULULEMON ATHLETICA INC
55024U109,LITE,LUMENTUM HOLDINGS INC
55087P104,LYFT,LYFT INC-A
552953101,MGM,MGM RESORTS INTERNATIONAL
55305B101,MHO,M/I HOMES INC
55306N104,MKSI,MKS INC
553368101,MP,MP MATERIALS CORP
55345K103,37M,MRC GLOBAL INC
553530106,MSM,MSC INDUSTRIAL DIRECT CO-A
55406W103,LUXE,LUXEXPERIENCE BV
55616P104,M,MACY'S INC
556269108,SHOO,STEVEN MADDEN LTD
558256103,MSGE,MADISON SQUARE GARDEN ENTERT
55825T103,MSGS,MADISON SQUARE GARDEN SPORTS
559166103,MGIC,MAGIC SOFTWARE ENTERPRISES
559222401,MGA,MAGNA INTERNATIONAL INC
55939A107,MAGN,MAGNERA CORP
56117J100,MBUU,MALIBU BOATS INC - A
56155L108,TUSK,MAMMOTH ENERGY SERVICES INC
56418H100,MAN,MANPOWERGROUP INC
56501R106,MFC,MANULIFE FINANCIAL CORP
565394103,CART,MAPLEBEAR INC
565788106,MARA,MARA HOLDINGS INC
56585A102,MPC,MARATHON PETROLEUM CORP
571748102,MRSH,MARSH & MCLENNAN COS
571903202,MAR,MARRIOTT INTERNATIONAL -CL A
573075108,MRTN,MARTEN TRANSPORT LTD
576323109,MTZ,MASTEC INC
57636Q104,MA,MASTERCARD INC
57637H103,MCFT,MASTERCRAFT BOAT HOLDINGS IN
57638P104,MBC,MASTERBRAND INC
576485205,MTDR,MATADOR RESOURCES CO
57667L107,MTCH,MATCH GROUP INC
57667T100,MTLS,MATERIALISE NV-ADR
576690101,MTRN,MATERION CORP
577081102,MAT,MATTEL INC
577345101,MLP,MAUI LAND & PINEAPPLE CO
579780206,MKC,MCCORMICK & CO-NON VTG SHRS
580135101,MCD,MCDONALD'S CORP
58155Q103,MCK,MCKESSON CORP
58463J304,MPT,MEDICAL PROPERTIES TRUST INC
58502B106,MD,PEDIATRIX MEDICAL GROUP INC
58506Q109,MEDP,MEDPACE HOLDINGS INC
58507V107,MDLN,MEDLINE INC-CL A
585464100,MLCO,MELCO RESORTS & ENTERT-ADR
58733R102,MELI,MERCADOLIBRE INC
58933Y105,MRK,MERCK & CO INC
589889104,MMSI,MERIT MEDICAL SYSTEMS INC
590479408,RJET,REPUBLIC AIRWAYS HOLDINGS IN
59156R108,MET,METLIFE INC
592688105,MTD,METTLER-TOLEDO INTERNATIONAL
594918104,MSFT,MICROSOFT CORP
594972408,MSTR,STRATEGY INC
595112103,MU,MICRON TECHNOLOGY INC
596278101,MIDD,MIDDLEBY CORP
600544100,MLKN,MILLERKNOLL INC
60471A101,MIR,MIRION TECHNOLOGIES INC
606710200,MITK,MITEK SYSTEMS INC
60741F104,MBLY,MOBILEYE GLOBAL INC-A
60770K107,MRNA,MODERNA INC
607828100,MOD,MODINE MANUFACTURING CO
608190104,MHK,MOHAWK INDUSTRIES INC
60855R100,MOH,MOLINA HEALTHCARE INC
60871R209,TAP,MOLSON COORS BEVERAGE CO - B
609207105,MDLZ,MONDELEZ INTERNATIONAL INC-A
60937P106,MDB,MONGODB INC
609839105,MPWR,MONOLITHIC POWER SYSTEMS INC
610236101,MNRO,MONRO INC
61174X109,MNST,MONSTER BEVERAGE CORP
615369105,MCO,MOODYS CORP
615394202,MOG/A,MOOG INC-CLASS A
617446448,MS,MORGAN STANLEY
61945C103,MOS,MOSAIC CO/THE
62482R107,COOP,MR COOPER GROUP INC
62548M209,CTEV,CLARITEV CORP
626717102,MUR,MURPHY OIL CORP
626755102,MUSA,MURPHY USA INC
628464109,MYE,MYERS INDUSTRIES INC
62886E108,VYX,NCR VOYIX CORP
629377508,NRG,NRG ENERGY INC
63008G203,NNDM,NANO DIMENSION LTD - ADR
632307104,NTRA,NATERA INC
63845R107,EYE,NATIONAL VISION HOLDINGS INC
639057207,NWG,NATWEST GROUP PLC -SPON ADR
639193101,NAVN,NAVAN INC-CL A
63947X101,NCNO,NCINO INC
64110D104,NTAP,NETAPP INC
64110L106,NFLX,NETFLIX INC
64110W102,NTES,NETEASE INC-ADR
64119N608,NTSK,NETSKOPE INC-CL A
64361Q101,VNOM,VIPER ENERGY INC-CL A
644393100,NFE,NEW FORTRESS ENERGY INC
650111107,NYT,NEW YORK TIMES CO-A
651229106,NWL,NEWELL BRANDS INC
651639106,NEM,NEWMONT CORP
65249B109,NWSA,NEWS CORP - CLASS A
65250K105,NMAX,NEWSMAX INC
65339F101,NEE,NEXTERA ENERGY INC
65341B106,XIFR,XPLR INFRASTRUCTURE LP
65345M108,NXDR,NEXTDOOR HOLDINGS INC
653656108,NICE,NICE LTD - SPON ADR
654106103,NKE,NIKE INC
65441V200,NINE,NINE ENERGY SERVICE INC
65443P102,MASS,908 DEVICES INC
655844108,NSC,NORFOLK SOUTHERN CORP
665531307,NOG,NORTHERN OIL AND GAS INC
666807102,NOC,NORTHROP GRUMMAN CORP
668771108,GEN,GEN DIGITAL INC
66981J102,MNSO,MINISO GROUP HOLDING LTD-ADR
66987V109,NVS,NOVARTIS AG-SPONSORED ADR
670002401,NVAX,NOVAVAX INC
670100205,NVO,NOVO-NORDISK A S
67018T105,NUS,NU SKIN ENTERPRISES INC - A
67059N108,NTNX,NUTANIX INC - A
67066G104,NVDA,NVIDIA CORP
67072T108,JFR,NUVEEN FLOATING RATE INCOME
67073D102,XJQCX,NUVEEN CREDIT STRATEGIES INC
67077M108,NTR,NUTRIEN LTD
67079K100,SMR,NUSCALE POWER CORP
67080M103,NRIX,NURIX THERAPEUTICS INC
67098H104,OI,O-I GLASS INC
67103H107,ORLY,O'REILLY AUTOMOTIVE INC
674215207,CHRD,CHORD ENERGY CORP
67421J207,OTLY,OATLY GROUP AB
67421JAC2,OTLY 9.25 09/14/28,OATLY GROUP AB
679295105,OKTA,OKTA INC
679369108,OLPX,OLAPLEX HOLDINGS INC
680665205,OLN,OLIN CORP
681116109,OLLI,OLLIE'S BARGAIN OUTLET HOLDI
682189105,ON,ON SEMICONDUCTOR
682680103,OKE,ONEOK INC
683344105,ONTO,ONTO INNOVATION INC
68339B104,ONTF,ON24 INC
68389X105,ORCL,ORACLE CORP
68622V106,OGN,ORGANON & CO
68629Y103,ONL,ORION PROPERTIES INC
687793109,OSCR,OSCAR HEALTH INC - CLASS A
688239201,OSK,OSHKOSH CORP
68902V107,OTIS,OTIS WORLDWIDE CORP
69002R103,TEAD,TEADS HOLDING CO
69047Q102,OVV,OVINTIV INC
69120X206,OWLT,OWLET INC
691497309,OXM,OXFORD INDUSTRIES INC
691543847,OXLC,OXFORD LANE CAPITAL CORP
69318G106,PBF,PBF ENERGY INC-CLASS A
69331C108,PCG,P G & E CORP
693656100,PVH,PVH CORP
69370C100,PTC,PTC INC
69404D108,PACB,PACIFIC BIOSCIENCES OF CALIF
69526K105,PTVE,PACTIV EVERGREEN INC
69553P100,PD,PAGERDUTY INC
69608A108,PLTR,PALANTIR TECHNOLOGIES INC
697435105,PANW,PALO ALTO NETWORKS INC
697900108,PAAS,PAN AMERICAN SILVER CORP
698813102,PZZA,PAPA JOHN'S INTL INC
69932A204,PSKY,PARAMOUNT SKYDANCE CORP CLASS B
700517105,PK,PARK HOTELS & RESORTS INC
701094104,PH,PARKER HANNIFIN CORP
703481101,PTEN,PATTERSON-UTI ENERGY INC
704326107,PAYX,PAYCHEX INC
70432V102,PAYC,PAYCOM SOFTWARE INC
70450C101,PAYP,PAYPAY CORP
70450Y103,PYPL,PAYPAL HOLDINGS INC
704551100,BTU,PEABODY ENERGY CORP
705573103,PEGA,PEGASYSTEMS INC
70614W100,PTON,PELOTON INTERACTIVE INC-A
706915105,PENG,PENGUIN SOLUTIONS INC
707569109,PENN,PENN ENTERTAINMENT INC
70806A106,PFLT,PENNANTPARK FLOATING RATE CA
70932M107,PFSI,PENNYMAC FINANCIAL SERVICES
70959W103,PAG,PENSKE AUTOMOTIVE GROUP INC
713448108,PEP,PEPSICO INC
71385M107,PRM,PERIMETER SOLUTIONS INC
71535D106,PSNL,PERSONALIS INC
71601V105,WOOF,PETCO HEALTH AND WELLNESS CO
717081103,PFE,PFIZER INC
71742Q106,PAHC,PHIBRO ANIMAL HEALTH CORP-A
718172109,PM,PHILIP MORRIS INTERNATIONAL
718546104,PSX,PHILLIPS 66
72348N109,PNFP,PINNACLE FINANCIAL PARTNERS INC
72352L106,PINS,PINTEREST INC- CLASS A
724078209,PIPR,PIPER SANDLER COS
72703H101,PLNT,PLANET FITNESS INC - CL A
72815L107,PLTK,PLAYTIKA HOLDING CORP
72919P202,PLUG,PLUG POWER INC
729640102,PLYM,PLYMOUTH INDUSTRIAL REIT INC
731068102,PII,POLARIS INC
73278L105,POOL,POOL CORP
732908108,PONY,PONY AI INC
739128106,POWL,POWELL INDUSTRIES INC
739650109,PROP,PRAIRIE OPERATING CO
741623102,PRMB,PRIMO BRANDS CORP
74168J101,PRME,PRIME MEDICINE INC
742718109,PG,PROCTER & GAMBLE CO/THE
74316P579,AKRE,AKRE FOCUS ETF
74319N100,ACDC,PROFRAC HOLDING CORP-A
743312100,PRGS,PROGRESS SOFTWARE CORP
743315103,PGR,PROGRESSIVE CORP
74340W103,PLD,PROLOGIS INC
74347B201,TBT,PROSHARES ULTRASHORT 20+Y TR
74348A467,NOBL,PROSHARES S&P 500 DIVIDEND A
74350P691,IQMM,PROSHARES GENIUS MNY MKT ETF
743713109,PRLB,PROTO LABS INC
744320102,PRU,PRUDENTIAL FINL INC
74460D109,PSA,PUBLIC STORAGE
74624M102,P,EVERPURE INC-A
74743L100,Q,QNITY ELECTRONICS INC
747525103,QCOM,QUALCOMM INC
747619104,NX,QUANEX BUILDING PRODUCTS
74762E102,PWR,QUANTA SERVICES INC
74765K105,QSI,QUANTUM-SI INC
74767V109,QS,QUANTUMSCAPE CORP
74834L100,DGX,QUEST DIAGNOSTICS INC
74915M605,QVCAQ,QVC GROUP INC
74965L101,RLJ,RLJ LODGING TRUST
74967R106,RMR,RMR GROUP INC/THE - A
74967X103,RH,RH
750102105,RXT,RACKSPACE TECHNOLOGY INC
750917106,RMBS,RAMBUS INC
750940108,RAL,RALLIANT CORP
751212101,RL,RALPH LAUREN CORP
75281A109,RRC,RANGE RESOURCES CORP
75321W103,PACK,RANPAK HOLDINGS CORP
753422104,RPD,RAPID7 INC
75508B104,RYAM,RAYONIER ADVANCED MATERIALS
75513E101,RTX,RTX CORP
75629V104,RXRX,RECURSION PHARMACEUTICALS-A
75689M101,RRGB,RED ROBIN GOURMET BURGERS
75734B100,RDDT,REDDIT INC-CL A
758750103,RRX,REGAL REXNORD CORP
75886F107,REGN,REGENERON PHARMACEUTICALS
75970E107,RNST,RENASANT CORP
759916109,RGEN,REPLIGEN CORP
76010Y202,RENT,RENT THE RUNWAY INC-A
760125104,RTO,RENTOKIL INITIAL PLC-SP ADR
760273102,RPTX,REPARE THERAPEUTICS INC
760759100,RSG,REPUBLIC SERVICES INC
76118Y104,REZI,RESIDEO TECHNOLOGIES INC
76131D103,QSR,RESTAURANT BRANDS INTERN
76155X100,RVMD,REVOLUTION MEDICINES INC
76156B107,RVLV,REVOLVE GROUP INC
76171L106,REYN,REYNOLDS CONSUMER PRODUCTS I
76665T102,REPX,RILEY EXPLORATION PERMIAN IN
76680R206,RNG,RINGCENTRAL INC-CLASS A
76680V108,REI,RING ENERGY INC
770700102,HOOD,ROBINHOOD MARKETS INC - A
771049103,RBLX,ROBLOX CORP -CLASS A
77311W101,RKT,ROCKET COS INC-CLASS A
773121108,RKLB,ROCKET LAB USA INC
77313F106,RCKT,ROCKET PHARMACEUTICALS INC
77543R102,ROKU,ROKU INC
775711104,ROL,ROLLINS INC
77664L207,ROOT,ROOT INC/OH -CLASS A
776696106,ROP,ROPER TECHNOLOGIES INC
778296103,ROST,ROSS STORES INC
778920306,SHAZ,SHARONAI HOLDINGS INC
780087102,RY,ROYAL BANK OF CANADA
780259305,SHEL,SHELL PLC-ADR
780287108,RGLD,ROYAL GOLD INC
781154109,RBRK,RUBRIK INC-A
783754104,RYZ,RYERSON HOLDING CORP
78409V104,SPGI,S&P GLOBAL INC
78435P105,SEZL,SEZZLE INC
78454L100,SM,SM ENERGY CO
78462F103,SPY,SPDR S&P 500 ETF TRUST
78463V107,GLD,SPDR GOLD SHARES
78463X202,FEZ,STATE STREET SPDR EURO STOXX
78463X475,SPGM,STATE STREET SPDR PORTFOLIO
78463X509,SPEM,STATE STREET SP PTF EM ETF
78463X533,EDIV,STATE STREET SPDR S&P EMERGI
78463X541,GNR,STATE STREET SPDR S&P GLOBAL
78463X749,RWO,STATE STREET SPDR DOW JONES
78463X756,EWX,STATE STREET SPDR S&P EMERGI
78463X848,CWI,STATE STREET SPDR MSCI ACWI
78463X871,GWX,STATE STREET SPDR S&P INTERN
78463X889,SPDW,STE STR SPDR PT DW EU ETF
78464A201,SLYG,SS SPDR S&P 600 SC GR ETF
78464A284,HYMB,SS SPDR N ICE HY MUNI ETF
78464A300,SLYV,SS SPDR S&P 600 SC VAL ETF
78464A359,CWB,SS SPDR BB CONV SEC ETF
78464A375,SPIB,SS SPDR P INT C CORP ETF
78464A383,SPMB,SS SPDR P MORT BACK BOND ETF
78464A409,SPYG,SS SPDR P S&P 500 GROWTH ETF
78464A474,SPSB,SS SPDR P ST C CORP ETF
78464A508,SPYV,SS SPDR P S&P 500 VALUE ETF
78464A607,RWR,SS SPDR DOW JONES REIT ETF
78464A631,XAR,SS SPDR S&P AEROSPACE DEF
78464A649,SPAB,SS SPDR P AGG BOND ETF
78464A664,SPTL,SS SPDR PF LNG TRM TSY E-USD
78464A672,SPTI,SS SPDR P INT TERM TSY ETF
78464A698,KRE,SS SPDR S&P REGIONAL BANK
78464A755,XME,SS SPDR S&P METALS MINING
78464A763,SDY,SS SPDR S&P DIVIDEND ETF
78464A797,KBE,SS SPDR S&P BANK ETF
78464A805,SPTM,SS SPDR P S&P 1500 COMP ETF
78464A821,MDYG,SS SPDR S&P 400 MC GR ETF
78464A839,MDYV,SS SPDR S&P 400 MC VAL ETF
78464A847,SPMD,SS SPDR P S&P 400 MIDCAP ETF
78464A854,SPYM,STE STR SPDR PT S&P 500 ETF
78464A870,XBI,SS SPDR S&P BIOTECH ETF
78464A888,XHB,SS SPDR S&P HOMEBLDRS ETF
78467V608,SRLN,SS BLACKSTONE SR LOAN ETF
78467X109,DIA,SS SPDR DOW JONES INDUS AVG
78468R101,SPTS,SS SPDR P ST TERM TSY ETF
78468R200,FLRN,SS SPDR BB IG FLOAT RT ETF
78468R408,SJNK,SS SPDR BB ST HI YIELD ETF
78468R523,BILS,SS SPDRB B 3-12M T-BILL ETF
78468R556,XOP,SS SPDR S&P OG EXP & PROD
78468R606,SPHY,SS SPDR P HIGH YIELD ETF
78468R622,JNK,SS SPDR BB HIGH YIELD BOND
78468R663,BIL,SS SPDR BB 1-3M T-BILL ETF
78468R721,TFI,SS SPDR N ICE MUNI BOND ETF
78468R739,SHM,SS SPDR N ICE ST MUNI ETF
78468R788,SPYD,SS SPDR P S&P 500 HI DIV ETF
78468R796,SPYX,SS SPDR S&P 500 FOSS FL ETF
78468R853,SPSM,SS SPDR P S&P 600 SMALL CAP
784730103,SSRM,SSR MINING INC
78573M104,SABR,SABRE CORP
78709Y105,SAIA,SAIA INC
78781J109,SAIL,SAILPOINT INC
79546E104,SBH,SALLY BEAUTY HOLDINGS INC
79589L106,IOT,SAMSARA INC-CL A
801056102,SANM,SANMINA CORP
80105N105,SNY,SANOFI-ADR
80517M109,SVV,SAVERS VALUE VILLAGE INC
806857108,SLB,SLB LTD
807066105,SCHL,SCHOLASTIC CORP
80810D103,SDGR,SCHRODINGER INC
808513105,SCHW,SCHWAB (CHARLES) CORP
808524102,SCHB,SCHWAB US BROAD MARKET ETF
808524201,SCHX,SCHWAB US LARGE-CAP ETF
808524300,SCHG,SCHWAB US LARGE-CAP GROWTH
808524607,SCHA,SCHWAB US SMALL-CAP ETF
808524706,SCHE,SCHWAB EMRG MRKTS EQTY ETF
808524797,SCHD,SCHWAB US DVD EQUITY ETF
808524805,SCHF,SCHWAB INTL EQUITY ETF
808524839,SCHZ,SCHWAB US AGGREGATE BOND ETF
808524847,SCHH,SCHWAB US REIT ETF
808524862,SCHO,SCHWAB SHORT-TERM US TREAS
808524870,SCHP,SCHWAB U.S. TIPS ETF
808625107,SAIC,SCIENCE APPLICATIONS INTE
811054402,SSP,EW SCRIPPS CO/THE-A
81141R100,SE,SEA LTD-ADR
811543107,SEB,SEABOARD CORP
81211K100,SDA,SEALED AIR CORP
812215200,SEG,SEAPORT ENTERTAINMENT GROUP
81282V100,PRKS,UNITED PARKS & RESORTS INC
81369Y100,XLB,SS MATERIALS SELECT SECTOR
81369Y209,XLV,SS HEALTH CARE SELECT SECTOR
81369Y308,XLP,SS CONSUMER STAPLES SEL SECT
81369Y407,XLY,SS CONSUMER DISC SELECT SECT
81369Y506,XLE,SS ENERGY SELECT SECTOR
81369Y605,XLF,SS FINANCIAL SELECT SECTOR
81369Y704,XLI,SS INDUSTRIAL SELECT SECTOR
81369Y803,XLK,SS TECHNOLOGY SELECT SECTOR
81369Y852,XLC,SS COMM SELECT SECTOR SPDR
81369Y860,XLRE,SS REAL ESTATE SELECT SECTOR
81369Y886,XLU,ST SR UTL SL SE SPDR ETF-USD
81617J301,WTTR,SELECT WATER SOLUTIONS INC
81619Q105,S24,SELECT MEDICAL HOLDINGS CORP
81663L200,WGS,GENEDX HOLDINGS CORP
81761L102,SVC,SERVICE PROPERTIES TRUST
81764X103,TTAN,SERVICETITAN INC-A
819047101,SHAK,SHAKE SHACK INC - CLASS A
824348106,SHW,SHERWIN WILLIAMS CO
82452J109,FOUR,SHIFT4 PAYMENTS INC-CLASS A
824596100,SHG,SHINHAN FINANCIAL GROUP-ADR
827048109,SLGN,SILGAN HOLDINGS INC
82706C108,SIMO,SILICON MOTION TECHNOL-ADR
82835W108,SPRY,ARS PHARMACEUTICALS INC
82900L102,SMPL,SIMPLY GOOD FOODS CO/THE
829322502,RIME,ALGORHYTHM HOLDINGS INC
82982L103,SITE,SITEONE LANDSCAPE SUPPLY INC
829933100,SIRI,SIRIUS XM HOLDINGS INC
83001C108,FUN,SIX FLAGS ENTERTAINMENT CORP
830566105,SKX,SKECHERS USA INC-CL A
83066P309,SKIL,SKILLSOFT CORP
83088M102,SWKS,SKYWORKS SOLUTIONS INC
83125X103,SNBRQ,SLEEP NUMBER CORP
83191H107,SND,SMART SAND INC
83192D402,SMA,SMARTSTOP SELF STORAGE REIT
832248207,SFD,SMITHFIELD FOODS INC
832696405,SJM,JM SMUCKER CO/THE
833034101,SNA,SNAP-ON INC
83406F102,SOFI,SOFI TECHNOLOGIES INC
83417M104,SEDG,SOLAREDGE TECHNOLOGIES INC
83443Q103,SOLS,SOLSTICE ADVANCED MATERIALS INC
835495102,SON,SONOCO PRODUCTS CO
83570H108,SONO,SONOS INC
842587107,SO,SOUTHERN CO/THE
84472E102,SSB,SOUTHSTATE CORP
844741108,LUV,SOUTHWEST AIRLINES CO
844895102,SWX,SOUTHWEST GAS HOLDINGS INC
84790A105,SPB,SPECTRUM BRANDS HOLDINGS INC
84920Y106,SPWH,SPORTSMAN'S WAREHOUSE HOLDIN
85205L107,SWTX,SPRINGWORKS THERAPEUTICS INC
85207H104,PHYS,SPROTT PHYSICAL GOLD TRUST
85207K107,PSLV,SPROTT PHYSICAL SILVER TRUST
85208M102,SFM,SPROUTS FARMERS MARKET INC
85208R101,CEF,SPROTT PHYSICAL GOLD AND SIL
852234103,XYZ,BLOCK INC
85256A109,STGW,STAGWELL INC
855244109,SBUX,STARBUCKS CORP
855919106,STRZ,STARZ ENTERTAINMENT CORP
858586100,SCL,STEPAN CO
860897107,SFIX,STITCH FIX INC-CLASS A
863667101,SYK,STRYKER CORP
86384P109,STUB,STUBHUB HOLDINGS INC-CLASS A
866082100,INN,SUMMIT HOTEL PROPERTIES INC
866966104,SUNB,SUNBELT RENTALS HOLDINGS INC
867224107,SU,SUNCOR ENERGY INC
86745K104,NOVA,SUNNOVA ENERGY INTERNATIONAL
86745KAF1,NOVA 0.25 12/01/26,SUNNOVA ENERGY INTL INC
86745KAH7,NOVA 2.625 02/15/28,SUNNOVA ENERGY INTL INC
8676EP108,STKL,SUNOPTA INC
86800U302,SMCI,SUPER MICRO COMPUTER INC
86881A100,SGRY,SURGERY PARTNERS INC
87043Q108,SG,SWEETGREEN INC - CLASS A
87151X101,SYM,SYMBOTIC INC
87165B103,SYF,SYNCHRONY FINANCIAL
871829107,SYY,SYSCO CORP
87241L109,TFII,TFI INTERNATIONAL INC
872540109,TJX,TJX COMPANIES INC
872590104,TMUS,T-MOBILE US INC
87266JAB0,TPIC 5.25 03/15/28,TPI COMPOSITES INC
87305R109,TTMI,TTM TECHNOLOGIES
874039100,TSM,TAIWAN SEMICONDUCTOR MANUFACTURING CO LTD ADR
87422Q109,TLN,TALEN ENERGY CORP
876030107,TPR,TAPESTRY INC
87612E106,TGT,TARGET CORP
876511106,TKO,TASEKO MINES LTD
878742204,TECK,TECK RESOURCES LTD-CLS B
87918A105,TDOC,TELADOC HEALTH INC
879360105,TDY,TELEDYNE TECHNOLOGIES INC
879433829,TDS,TELEPHONE AND DATA SYSTEMS
88023U101,SGI,SOMNIGROUP INTERNATIONAL INC
88025T102,TENB,TENABLE HOLDINGS INC
88025U109,TXG,10X GENOMICS INC-CLASS A
88033G407,THC,TENET HEALTHCARE CORP
88034P109,TME,TENCENT MUSIC ENTERTAINM-ADR
880770102,TER,TERADYNE INC
880779103,TEX,TEREX CORP
88080T104,WULF,TERAWULF INC
881454102,IMSR,TERRESTRIAL ENERGY INC
881454110,IMSRW,HCM II ACQUISITION CORP - 29
88160R101,TSLA,TESLA INC
881624209,TEVA,TEVA PHARMACEUTICAL-SP ADR
882508104,TXN,TEXAS INSTRUMENTS INC
883203101,TXT,TEXTRON INC
88338K103,STKS,ONE GROUP HOSPITALITY INC/TH
88339J105,TTD,TRADE DESK INC/THE -CLASS A
88339P101,REAL,REALREAL INC/THE
88339PAD3,REAL 1 03/01/28,THE REALREAL INC
883556102,TMO,THERMO FISHER SCIENTIFIC INC
88428H101,ETHQ,3IQ ETHER STAKING ETF
88428J107,SOLQ,3IQ SOLANA STAKING ETF
884903808,TRI4CAD,THOMSON REUTERS CORP
88554D205,DDD,3D SYSTEMS CORP
88556E102,TDUP,THREDUP INC - CLASS A
88557W101,QFIN,QFIN HOLDINGS INC-ADR
88579Y101,MMM,3M CO
887389104,TKR,TIMKEN CO
887399103,MTUS,METALLUS INC
88830M102,TWI,TITAN INTERNATIONAL INC
888787108,TOST,TOAST INC-CLASS A
889478103,TOL,TOLL BROTHERS INC
891160509,TD,TORONTO-DOMINION BANK
892231101,TSQ,TOWNSQUARE MEDIA INC - CL A
892356106,TSCO,TRACTOR SUPPLY COMPANY
893641100,TDG,TRANSDIGM GROUP INC
894164102,TNL,TRAVEL + LEISURE CO
89417E109,TRV,TRAVELERS COS INC/THE
894650100,TG,TREDEGAR CORP
89531P105,TREX,TREX COMPANY INC
896239100,TRMB,TRIMBLE INC
89677Q107,TCOM,TRIP.COM GROUP LTD-ADR
896945201,TRIP,TRIPADVISOR INC
898202106,TRUP,TRUPANION INC
89832Q109,TFC,TRUIST FINL CORP
90041L105,TPB,TURNING POINT BRANDS INC
90138A103,VNET,VNET GROUP INC-ADR
90184D100,TWST,TWIST BIOSCIENCE CORP
902494103,TSN,TYSON FOODS INC-CL A
902681105,UGI,UGI CORP
902685106,UDMY,UDEMY INC
902973304,USB,US BANCORP
90353T100,UBER,UBER TECHNOLOGIES INC
90353W103,UI,UBIQUITI INC
90364P105,PATH,UIPATH INC - CLASS A
90384S303,ULTA,ULTA BEAUTY INC
90385V107,UCTT,ULTRA CLEAN HOLDINGS INC
904311107,UAA,UNDER ARMOUR INC-CLASS A
904767803,UL,UNILEVER PLC ADR
907818108,UNP,UNION PACIFIC CORP
910047109,UAL,UNITED AIRLINES HOLDINGS INC
911312106,UPS,UNITED PARCEL SERVICE-CL B
911363109,URI,UNITED RENTALS INC
911549103,UAMY,UNITED STATES ANTIMONY CORP
911684108,AD,ARRAY DIGITAL INFRASTRUCTURE
912909108,X,UNITED STATES STEEL CORP
912932100,UNIT,UNITI GROUP INC
91324P102,UNH,UNITEDHEALTH GROUP INC
91332U101,U,UNITY SOFTWARE INC
913903100,UHS,UNIVERSAL HEALTH SERVICES-B
91680M107,UPST,UPSTART HOLDINGS INC
91688F104,UPWK,UPWORK INC
917047102,URBN,URBAN OUTFITTERS INC
918090101,UTZ,UTZ BRANDS INC
91879Q109,MTN,VAIL RESORTS INC
91913Y100,VLO,VALERO ENERGY CORP
92047W101,VVV,VALVOLINE INC
92189F106,GDX,VANECK GOLD MINERS ETF
921908844,VIG,VANGUARD DIVIDEND APPREC ETF
921909768,VXUS,VANGUARD TOTAL INTL STOCK
921910733,ESGV,VANGUARD ESG US STOCK ETF
921910816,MGK,VANGUARD MEGA CAP GROWTH ETF
921932505,VOOG,VANGUARD S&P 500 GROWTH ETF
921937819,BIV,VANGUARD INTERMEDIATE-TERM B
921937827,BSV,VANGUARD SHORT-TERM BOND ETF
921937835,BND,VANGUARD TOTAL BOND MARKET
921943858,VEA,VANGUARD FTSE DEVELOPED ETF
921946406,VYM,VANGUARD HIGH DVD YIELD ETF
921946810,VIGI,VANGUARD INT DIV APP INDX FD
922020805,VTIP,VANGUARD SHORT-TERM TIPS
92203J407,BNDX,VANGUARD TOTAL INTL BOND ETF
922042742,VT,VANGUARD TOT WORLD STK ETF
922042775,VEU,VANGUARD FTSE ALL-WORLD EX-U
922042858,VWO,VANGUARD FTSE EMERGING MARKE
922042874,VGK,VANGUARD FTSE EUROPE ETF
92204A207,VDC,VANGUARD CONSUMER STAPLE ETF
92204A306,VDE,VANGUARD ENERGY ETF
92204A405,VFH,VANGUARD FINANCIALS ETF
92204A504,VHT,VANGUARD HEALTH CARE ETF
92204A702,VGT,VANGUARD INFO TECH ETF
92206C102,VGSH,VANGUARD SHORT-TERM TREASURY
92206C409,VCSH,VANGUARD S/T CORP BOND ETF
92206C680,VONG,VANGUARD RUSSELL 1000 GROWTH
92206C706,VGIT,VANGUARD INTERMEDIATE-TERM T
92206C870,VCIT,VANGUARD INT-TERM CORPORATE
92243G108,PCVX,VAXCYTE INC
922475108,VEEV,VEEVA SYSTEMS INC-CLASS A
92259N302,VELO,VELO3D INC
922907746,VTEB,VANGUARD TAX-EXEMPT BOND ETF
922908363,VOO,VANGUARD S&P 500 ETF
922908512,VOE,VANGUARD MID-CAP VALUE ETF
922908538,VOT,VANGUARD MID-CAP GROWTH ETF
922908553,VNQ,VANGUARD REAL ESTATE ETF
922908595,VBK,VANGUARD SMALL-CAP GRWTH ETF
922908611,VBR,VANGUARD SMALL-CAP VALUE ETF
922908629,VO,VANGUARD MID-CAP ETF
922908637,VV,VANGUARD LARGE-CAP ETF
922908652,VXF,VANGUARD EXTENDED MARKET ETF
922908736,VUG,VANGUARD GROWTH ETF
922908744,VTV,VANGUARD VALUE ETF
922908751,VB,VANGUARD SMALL-CAP ETF
922908769,VTI,VANGUARD TOTAL STOCK MKT ETF
92333F101,VG,VENTURE GLOBAL INC-CL A
92337F107,VCYT,VERACYTE INC
92343V104,VZ,VERIZON COMMUNICATIONS INC
92345Y106,VRSK,VERISK ANALYTICS INC
925050106,VRNA,VERONA PHARMA PLC - ADR
925283103,VSNT,VERSANT MEDIA GROUP INC
92532F100,VRTX,VERTEX PHARMACEUTICALS INC
92556V106,VTRS,VIATRIS INC
926400102,VSXY,VICTORIA'S SECRET & CO
92790C104,VRDN,VIRIDIAN THERAPEUTICS INC
92826C839,V,VISA INC CL A
92840M102,VST,VISTRA CORP
92846Q107,COCO,VITA COCO CO INC/THE
92847W103,VITL,VITAL FARMS INC
92892B103,VOYG,VOYAGER TECHNOLOGIES INC-A
92922P106,WTI,W&T OFFSHORE INC
929236107,WDFC,WD-40 CO
92939U106,WEC,WEC ENERGY GROUP INC
931142103,WMT,WALMART INC
93403J106,WRBY,WARBY PARKER INC-CLASS A
934423104,WBD,WARNER BROS DISCOVERY INC
94106L109,WM,WASTE MANAGEMENT INC
941848103,WAT,WATERS CORP
94419L101,W,WAYFAIR INC- CLASS A
947890109,WBS,WEBSTER FINANCIAL CORP
948596101,WB,WEIBO CORP-SPON ADR
948849104,WMK,WEIS MARKETS INC
949746101,WFC,WELLS FARGO & CO
95040Q104,WELL,WELLTOWER INC
95058W100,WEN,WENDY'S CO/THE
950755108,WERN,WERNER ENTERPRISES INC
95082P105,WCC,WESCO INTERNATIONAL INC
950915108,WRD,WERIDE INC-ADR
957638109,WAL,WESTERN ALLIANCE BANCORP
958102105,WDC,WESTERN DIGITAL CORP
96145W103,WEST,WESTROCK COFFEE CO
962879102,WPM,WHEATON PRECIOUS METALS CORP
96524V106,WHF,WHITEHORSE FINANCE INC
969457100,WMB,WILLIAMS COS INC
969904101,WSM,WILLIAMS-SONOMA INC
971378104,WSC,WILLSCOT HOLDINGS CORP
974250102,WINA,WINMARK CORP
97717P104,WT,WISDOMTREE INC
97717X669,DGRW,WISDOMTREE U.S. QUALITY DIVI
97717Y527,USFR,WISDOMTREE FLOATING RATE TRE
977852AB8,WOLF 0.25 02/15/28,WOLFSPEED INC
977852AD4,WOLF 1.875 12/01/29,WOLFSPEED INC
977852AP7,WOLF 2.5 06/15/31,WOLFSPEED INC
97785W106,WOLF,WOLFSPEED INC
98138H101,WDAY,WORKDAY INC-CLASS A
98311A105,WH,WYNDHAM HOTELS & RESORTS INC
98400V200,XBP,XBP GLOBAL HOLDINGS INC
98421M106,XRX,XEROX HOLDINGS CORP
98421MAE6,XRX 3.75 03/15/30,XEROX HOLDINGS CORP
98422X101,XPOF,XPONENTIAL FITNESS INC-A
98423F109,XMTR,XOMETRY INC-A
985817105,YELP,YELP INC
98585X104,YETI,YETI HOLDINGS INC
988498101,YUM,YUM! BRANDS INC
98850P109,YUMC,YUM CHINA HOLDINGS INC
98954M101,ZG,ZILLOW GROUP INC - A
98954M200,Z,ZILLOW GROUP INC - C
98956A105,ZETA,ZETA GLOBAL HOLDINGS CORP-A
98978V103,ZTS,ZOETIS INC
98980F104,GTM,ZOOMINFO TECHNOLOGIES INC
98980G102,ZS,ZSCALER INC
98980L101,ZM,ZOOM COMMUNICATIONS INC
989817101,ZUMZ,ZUMIEZ INC
F92124100,TTE,TOTALENERGIES SE ADR
G0250X149,AMCR,AMCOR PLC
G0593M107,AZN,ASTRAZENECA PLC ADR
G1151C101,ACN,ACCENTURE PLC
G29183103,ETN,EATON CORP PLC
G54950103,LIN,LINDE PLC
G5960L103,MDT,MEDTRONIC PLC
G7997R103,STX,SEAGATE TECHNOLOGY HOLDINGS PLC
H1467J104,CB,CHUBB LTD
N72482156,QGEN,QIAGEN NV
N97284108,NBIS,NEBIUS GROUP N.V.
